26/07/12,14:21:45,5
26/07/12,14:21:44,5
26/07/12,14:21:43,4
26/07/12,14:21:42,3
26/07/12,14:21:41,0
26/07/12,14:21:40,1
26/07/12,14:21:39,2
26/07/12,14:21:38,3
26/07/12,14:21:37,4
26/07/12,14:21:36,4
26/07/12,14:21:35,5
26/07/12,14:21:34,6
26/07/12,14:21:33,7
26/07/12,14:21:32,8
26/07/12,14:21:31,9
26/07/12,14:21:30,9
26/07/12,14:21:29,9
26/07/12,14:21:28,9
26/07/12,14:21:27,9
26/07/12,14:21:26,9
26/07/12,14:21:25,9
26/07/12,14:21:24,9
26/07/12,14:21:23,9
26/07/12,14:21:22,9
26/07/12,14:21:21,9
26/07/12,14:21:20,9
26/07/12,14:21:19,9
26/07/12,14:21:18,9
26/07/12,14:21:17,9
26/07/12,14:21:16,9
26/07/12,14:21:15,9
26/07/12,14:21:14,9
26/07/12,14:21:13,9
26/07/12,14:21:12,9
26/07/12,14:21:11,9
26/07/12,14:21:10,9
26/07/12,14:21:09,9
26/07/12,14:21:08,9
26/07/12,14:21:07,9
26/07/12,14:21:06,9
26/07/12,14:21:05,9
26/07/12,14:21:04,9
26/07/12,14:21:03,9
26/07/12,14:21:02,9
26/07/12,14:21:01,9
26/07/12,14:21:00,9
26/07/12,14:20:59,9
26/07/12,14:20:58,9
26/07/12,14:20:57,9
26/07/12,14:20:56,9
26/07/12,14:20:55,9
26/07/12,14:20:54,9
26/07/12,14:20:53,9
26/07/12,14:20:52,9
26/07/12,14:20:51,9
26/07/12,14:20:50,9
26/07/12,14:20:49,9
26/07/12,14:20:48,9
26/07/12,14:20:47,9
26/07/12,14:20:46,9
26/07/12,14:20:45,9
26/07/12,14:20:44,9
26/07/12,14:20:43,9
26/07/12,14:20:42,9
26/07/12,14:20:41,9
26/07/12,14:20:40,9
26/07/12,14:20:39,9
26/07/12,14:20:38,9
26/07/12,14:20:37,9
26/07/12,14:20:36,9
26/07/12,14:20:35,9
26/07/12,14:20:34,9
26/07/12,14:20:33,9
26/07/12,14:20:32,9
26/07/12,14:20:31,9
26/07/12,14:20:30,9
26/07/12,14:20:29,9
26/07/12,14:20:28,9
26/07/12,14:20:27,9
26/07/12,14:20:26,9
26/07/12,14:20:25,9
26/07/12,14:20:24,9
26/07/12,14:20:23,9
26/07/12,14:20:22,9
26/07/12,14:20:21,9
26/07/12,14:20:20,9
26/07/12,14:20:19,9
26/07/12,14:20:18,9
26/07/12,14:20:17,9
26/07/12,14:20:16,9
26/07/12,14:20:15,9
26/07/12,14:20:14,9
26/07/12,14:20:13,9
26/07/12,14:20:12,9
26/07/12,14:20:11,9
26/07/12,14:20:10,9
26/07/12,14:20:09,9
26/07/12,14:20:08,9
26/07/12,14:20:07,9
26/07/12,14:20:06,9
